epoch;acc;loss;val_acc;val_loss
0;0.5001;8.049645506763458;0.5;8.059047758483887
