epoch;acc;loss;val_acc;val_loss
0;0.62015;0.6455271649837494;0.7448;0.5262599882125855
