epoch;acc;loss;val_acc;val_loss
0;0.61495;0.6678313099384308;0.6088;0.8219762022018433
